{
    "right": {
        "rectify": [
            [
                -0.9988934821128803, 
                -0.008254899830641328, 
                0.04629976264724079
            ], 
            [
                0.008224439578583712, 
                -0.9999658188605471, 
                -0.0008483538021529691
            ], 
            [
                0.04630518314425483, 
                -0.00046662548310123157, 
                0.998927230720354
            ]
        ], 
        "distortion": [
            [
                0.079063988443076, 
                0.7384598844081617, 
                0.0, 
                0.0, 
                -3.994892899478304
            ]
        ], 
        "projection": [
            [
                728.5513826288151, 
                0.0, 
                277.3331718444824, 
                -2731.7258395259623
            ], 
            [
                0.0, 
                728.5513826288151, 
                228.89933967590332, 
                0.0
            ], 
            [
                0.0, 
                0.0, 
                1.0, 
                0.0
            ]
        ], 
        "matrix": [
            [
                730.7031112865436, 
                0.0, 
                324.4420024838716
            ], 
            [
                0.0, 
                728.5513826288151, 
                250.06045367962858
            ], 
            [
                0.0, 
                0.0, 
                1.0
            ]
        ], 
        "size": [
            640, 
            480
        ]
    }, 
    "E": [
        [
            0.0015038730595760101, 
            0.173645682202022, 
            0.030671322783906618
        ], 
        [
            -0.14370210026219157, 
            -0.004586254208521879, 
            -3.7466454026973057
        ], 
        [
            0.006824280211235472, 
            3.745498273950434, 
            -0.006280768344107278
        ]
    ], 
    "F": [
        [
            -2.1110053249590415e-07, 
            -2.444685001060314e-05, 
            0.003012055160852373
        ], 
        [
            2.0231218229954608e-05, 
            6.475865383303931e-07, 
            0.37869889429318426
        ], 
        [
            -0.005690502136831048, 
            -0.3775396379816769, 
            1.0
        ]
    ], 
    "Q": [
        [
            1.0, 
            0.0, 
            0.0, 
            -277.3331718444824
        ], 
        [
            0.0, 
            1.0, 
            0.0, 
            -228.89933967590332
        ], 
        [
            0.0, 
            0.0, 
            0.0, 
            728.5513826288151
        ], 
        [
            0.0, 
            0.0, 
            0.2667000370561494, 
            -0.0
        ]
    ], 
    "R": [
        [
            0.9999173033327936, 
            -0.010072223462617557, 
            0.007996049661739427
        ], 
        [
            0.010085412652654398, 
            0.9999478434355168, 
            -0.0016108570032036457
        ], 
        [
            -0.007979407703557038, 
            0.0016913672511279308, 
            0.9999667336114348
        ]
    ], 
    "T": [
        [
            3.7453818647298474
        ], 
        [
            0.030952001063664587
        ], 
        [
            -0.1736023855050801
        ]
    ], 
    "left": {
        "rectify": [
            [
                -0.9992635757049539, 
                0.0018849189860392242, 
                0.03832431799479009
            ], 
            [
                -0.0018545391160485186, 
                -0.9999979373499635, 
                0.0008282393890996706
            ], 
            [
                0.038325800109283686, 
                0.0007565555066742535, 
                0.9992650102298931
            ]
        ], 
        "distortion": [
            [
                0.1692782836004219, 
                -0.31811212859713345, 
                0.0, 
                0.0, 
                0.06125297771399359
            ]
        ], 
        "projection": [
            [
                728.5513826288151, 
                0.0, 
                277.3331718444824, 
                0.0
            ], 
            [
                0.0, 
                728.5513826288151, 
                228.89933967590332, 
                0.0
            ], 
            [
                0.0, 
                0.0, 
                1.0, 
                0.0
            ]
        ], 
        "matrix": [
            [
                730.7031112865436, 
                0.0, 
                324.60197186486846
            ], 
            [
                0.0, 
                728.5513826288151, 
                249.0905795694992
            ], 
            [
                0.0, 
                0.0, 
                1.0
            ]
        ], 
        "size": [
            640, 
            480
        ]
    }
}